Adapting and Being Flexible,Importance of Adapting to Change,Importance of Being Adaptable and Flexible,Importance of Flexibility and Adaptability,Lessons learned about adaptability and flexibility,,,,,,,
Attention to Detail and Preparation,Importance of Attention to Detail,Importance of Being Thorough and Detail-Oriented,,,,,,,,,
Importance of Asking for Help,Importance of Communication,Importance of Communication and Listening,Importance of Open-mindedness and Collaboration,Importance of Seeking Help and Collaboration,Importance of Teamwork and Collaboration,Importance of collaboration and communication,Lessons learned about collaboration and communication,Lessons learned about the importance of asking for help,Lessons learned about the importance of communication and collaboration,Lessons learned about the importance of teamwork and collaboration,Teamwork and Communication
Importance of Avoiding Assumptions and Preconceptions,Importance of Not Making Assumptions,Overcoming Assumptions and Biases,,,,,,,,,
Importance of Being Humble and Open to Learning from Others,Importance of Being Open-Minded,Importance of Being Open-Minded and Willing to Learn,Openness to Learning and Growth,,,,,,,,
Importance of Being Reflective and Self-Improvement,Importance of Empathy and Understanding Others,Importance of Reflection and Growth,Lessons learned about empathy and understanding others,Lessons learned about personal growth and self-reflection,Lessons learned about the importance of self-awareness and self-reflection,Self-Reflection and Self-Improvement,Self-improvement and personal growth,,,,
Importance of Data and Research,Importance of Research and External Sources,Importance of Research and Investigation,,,,,,,,,
Importance of Planning and Preparation,Importance of Time Management,Importance of Time Management and Planning,Time Management and Prioritization,,,,,,,,
Importance of Understanding and Learning from Mistakes,Learning from Mistakes,Learning from Mistakes and Improving Skills,Lessons learned from mistakes and underestimations,Lessons learned from mistakes in work and internships,,,,,,,
Lessons learned about goal-setting and planning,Lessons learned about the importance of planning and organization,Lessons learned about time management and commitments,,,,,,,,,
Lessons learned about the importance of documentation and research,Lessons learned about the importance of testing and documentation,,,,,,,,,,
Lessons learned about the importance of understanding users' needs,Lessons learned about user experience and customer satisfaction,,,,,,,,,,
